,mean,se,Speciesname
1,0.478385188,0.008914614,Collared Peccary
2,0.248204379,0.008060861,Great tinamou
3,0.73441047,0.00636624,Margay
4,0.113369361,0.004616962,Ruddy quail-dove
5,0.316352652,0.008768886,Striped hog-nosed skunk
6,0.196718065,0.007431887,Tayra
7,0.027709671,0.00157306,Bare-throated tiger heron
8,0.24883659,0.007444482,White-lipped Peccary
