"","species","mean","se","Speciesname"
"1","0.478385187542664",0.0089146140459169,0.478385187542664,"Collared Peccary"
"2","0.248204379128271",0.00806086058401153,0.248204379128271,"Great tinamou"
"3","0.73441047005511",0.00636623984257964,0.73441047005511,"Margay"
"4","0.113369360689841",0.00461696153386237,0.113369360689841,"Ruddy quail-dove"
"5","0.316352651562422",0.00876888627491369,0.316352651562422,"Striped hog-nosed skunk"
"6","0.196718064545436",0.00743188690201968,0.196718064545436,"Tayra"
"7","0.0277096712817664",0.00157306017484715,0.0277096712817664,"Bare-throated tiger heron"
"8","0.24883658958122",0.00744448182887813,0.24883658958122,"White-lipped Peccary"
